<meta>
	<info description="World Shader" version="1.0" author="Santeri" type="script" />

	<script src="c_detail.lua" type="client" />
	<script src="c_switch.lua" type="client" />

	<file src="fx/detail.fx" type="client" />
	<file src="fx/mta-helper.fx" type="client" />
	<file src="fx/world.fx" type="client" />
	
	<file src="shaders/login/train.ForasteiroLixo" type="client" />
	<file src="shaders/login/pedraslogin.ForasteiroLixo" type="client" />
	<file src="shaders/login/rocklogin.ForasteiroLixo" type="client" />
	<file src="shaders/login/plantas.png" type="client" />
	<file src="shaders/login/names.ForasteiroLixo" type="client" />
	<file src="shaders/login/cons.ForasteiroLixo" type="client" />
	<file src="shaders/login/terra.ForasteiroLixo" type="client" />
	<file src="shaders/login/agua.png" type="client" />
	<file src="shaders/login/pedras.ForasteiroLixo" type="client" />

	<file src="shaders/media/dirty.png" type="client" />
	<file src="shaders/media/detail04.png" type="client" />
	<file src="shaders/media/detail22.png" type="client" />
	<file src="shaders/media/detail29.png" type="client" />
	<file src="shaders/media/detail35T.png" type="client" />
	<file src="shaders/media/detail55.png" type="client" />
	<file src="shaders/media/detail58.png" type="client" />
	<file src="shaders/media/detail63.png" type="client" />
	<file src="shaders/media/detail68.png" type="client" />
	<file src="shaders/media/1.png" type="client" />
	<file src="shaders/media/2.png" type="client" />
	<file src="shaders/media/3.png" type="client" />
	<file src="shaders/media/4.png" type="client" />
	<file src="shaders/media/5.png" type="client" />
	<file src="shaders/media/6.png" type="client" />
	<file src="shaders/media/7.png" type="client" />
	<file src="shaders/media/8.png" type="client" />
	<file src="shaders/media/9.png" type="client" />
	<file src="shaders/media/10.png" type="client" />
	<file src="shaders/media/11.png" type="client" />
	<file src="shaders/media/12.png" type="client" />
	<file src="shaders/media/13.png" type="client" />
	<file src="shaders/media/14.png" type="client" />
	<file src="shaders/media/15.png" type="client" />
	<file src="shaders/media/16.png" type="client" />
	<file src="shaders/media/17.png" type="client" />
	<file src="shaders/media/18.png" type="client" />
	<file src="shaders/media/19.png" type="client" />
	<file src="shaders/media/20.png" type="client" />
	<file src="shaders/media/21.png" type="client" />
	<file src="shaders/media/22.png" type="client" />
	<file src="shaders/media/23.png" type="client" />
	<file src="shaders/media/24.png" type="client" />
	<file src="shaders/media/25.png" type="client" />
	<file src="shaders/media/26.png" type="client" />
	<file src="shaders/media/27.png" type="client" />
	<file src="shaders/media/28.png" type="client" />
	<file src="shaders/media/29.png" type="client" />
	<file src="shaders/media/30.png" type="client" />
	<file src="shaders/media/31.png" type="client" />
	<file src="shaders/media/32.png" type="client" />
	<file src="shaders/media/33.png" type="client" />
	<file src="shaders/media/34.png" type="client" />
	<file src="shaders/media/35.png" type="client" />
	<file src="shaders/media/36.png" type="client" />
	<file src="shaders/media/37.png" type="client" />
	<file src="shaders/media/38.png" type="client" />
	<file src="shaders/media/39.png" type="client" />
	<file src="shaders/media/40.png" type="client" />
	<file src="shaders/media/41.png" type="client" />
	<file src="shaders/media/42.png" type="client" />
	<file src="shaders/media/43.png" type="client" />
	<file src="shaders/media/44.png" type="client" />
	<file src="shaders/media/45.png" type="client" />
	<file src="shaders/media/46.png" type="client" />
	<file src="shaders/media/47.png" type="client" />
	<file src="shaders/media/48.png" type="client" />
	<file src="shaders/media/49.png" type="client" />
	<file src="shaders/media/50.png" type="client" />
	<file src="shaders/media/51.png" type="client" />
	<file src="shaders/media/52.png" type="client" />
	<file src="shaders/media/53.png" type="client" />
	<file src="shaders/media/54.png" type="client" />
	<file src="shaders/media/55.png" type="client" />
	<file src="shaders/media/56.png" type="client" />
	<file src="shaders/media/57.png" type="client" />
	<file src="shaders/media/58.png" type="client" />
	<file src="shaders/media/59.png" type="client" />
	<file src="shaders/media/60.png" type="client" />
	<file src="shaders/media/61.png" type="client" />
	<file src="shaders/media/62.png" type="client" />
	<file src="shaders/media/63.png" type="client" />
	<file src="shaders/media/64.png" type="client" />
	<file src="shaders/media/65.png" type="client" />
	<file src="shaders/media/66.png" type="client" />
	<file src="shaders/media/67.png" type="client" />
	<file src="shaders/media/68.png" type="client" />
	<file src="shaders/media/69.png" type="client" />
	<file src="shaders/media/70.png" type="client" />
	<file src="shaders/media/71.png" type="client" />
	<file src="shaders/media/72.png" type="client" />
	<file src="shaders/media/73.png" type="client" />
	<file src="shaders/media/74.png" type="client" />
	<file src="shaders/media/75.png" type="client" />
	<file src="shaders/media/76.png" type="client" />
	<file src="shaders/media/77.png" type="client" />
	<file src="shaders/media/78.png" type="client" />
	<file src="shaders/media/79.png" type="client" />
	<file src="shaders/media/80.png" type="client" />
	<file src="shaders/media/83.png" type="client" />
	<file src="shaders/media/84.png" type="client" />
	<file src="shaders/media/85.png" type="client" />
	<file src="shaders/media/86.png" type="client" />
    <file src="shaders/media/87.png" type="client" />
	
	
	<file src="shaders/media/Map.jpg" type="client" />
	
	
	<file src="shaders/media/block.png" type="client" />
	<file src="shaders/media/des_dirttrackl.png" type="client" />
	<file src="shaders/media/des_scrub1.png" type="client" />
	<file src="shaders/media/des_scrub11.png" type="client" />
</meta>
